"ID","POSTALCODE","Zipcode_clean"
"0011I00000Raev3QAB","94101.0","94101.0"
"0011I00000C4LIJQA3","",""
"0011I00000C4LIKQA3","35289.0","35289.0"
"0011I00000C4LILQA3","",""
"0011I00000Raev3QAJ","",""
"0011I00000C4LIJQA4","75002.0","75002.0"
"0011I00000C4LIKQA5","98667.0","98667.0"
"0011I00000C4LILQB3","",""
"0011I00000C4LILQB3","",""
